,email,phone,password,name,create_at
0,a@a.com,010-7777-8888,$2b$10$2NzNbL.AoWtp6YjrBS1OE.13Ya/O6sq0aiIEWs7d5HJoVxvbCkr4O,에이앳에이닷컴,2026-04-27 15:19:28
1,alice.w@outlook.com,010-5566-7788,$2b$10$DCpoOtaTvB/Xre7o4A5HIOCBH5oOr4GBCPhkjIz6hdbB2zwfq11Xe,Alice Wonderland,2026-04-27 16:41:56
2,b@a.com,010-000-0001,$2b$10$gbAktXecsMeZgafVAEgkZezTktsz2tZR1VUPayAhauga1HYhhRitq,가나다,2026-04-27 15:19:37
3,b@b1.com,000-0000-1111,$2b$10$l7WGfY9PZ1dH7qZYDCCfruhfrX2RSnOtJPCcFSNs9oX7CEbMV5vJK,마바사,2026-04-27 16:13:40
4,b@b2.com,010-0001-0003,$2b$10$ma4RhbPjCts.xKgSGqDvAuJfIgwWsfKv697Q4YaRNY5awbkEs55Ba,고질라,2026-04-27 16:14:46
5,b@b3.com,010-0001-1778,$2b$10$InDie28iQR4Hpob91XAHv.Rtr49towxIdynasi.xnAWjIC7Q4oUqO,John Ternus,2026-04-27 16:14:47
6,bar@test.com,010-000-0001,$2b$10$HgjSlnge9R1qnG0DZKbS3uITzrYM7bDDv3Kb3G1aNhauPyeV/JAzC,가나다,2026-04-27 15:20:11
7,bcrypt@test.com,010-4242-3333,$2b$10$DCpoOtaTvB/Xre7o4A5HIOCBH5oOr4GBCPhkjIz6hdbB2zwfq11Xe,foo,2026-04-29 12:29:00
8,brian.kim@startup.io,010-8899-0011,$2b$10$7ZBzVZVTFxq6dObOf/HinuJnstYf8lPi8AOx8rIVlukAthHhzpHam,Brian Kim,2026-04-27 16:41:56
9,choi.yuna@daum.net,010-3344-5566,$2b$10$j56Kmmbz8fbuIsHLQNk8a.6j5CDmkvjzunxEKzubosW8jDgd6/Psu,최유나,2026-04-27 16:41:56
10,foo@a.com,010-000-0001,$2b$10$8jVMxwjiHwEDJxxVQLWQuO1d0KA7wb/dWyvkiD6TmmmaOL4pkoG4a,가나다,2026-04-27 15:20:00
11,jane.smith@example.com,010-9876-5432,$2b$10$hPF8YniZcWhpWzWsLRYkauuBRE8d9cbmTT9lDU9Orsum36jVokZpq,Jane Smith,2026-04-27 16:35:55
12,john.doe@example.com,010-1234-5678,$2b$10$AADTPp3cMhjeRcmT0b/nUuFDiKfLh1ZTxupBK9zyQHZvV4kNIW2Ua,John Doe,2026-04-27 16:35:55
13,jung.ho@kakao.com,010-4455-6677,$2b$10$2uxvnOeYxjWHikXh1FzB5u9uAOCOiLg7L4L6K9U2xrREoNE4v7UoC,정호석,2026-04-27 16:41:56
14,kim.minjun@korea.kr,010-2222-3333,$2b$10$KkpvocNuus6UAilx/1SMy.glnqFvnnRbcF/xsq660pDh.PTf2nmQu,김민준,2026-04-27 16:35:55
15,lee.seo@gmail.com,010-4444-5555,$2b$10$e/Y3BzfaOBmxhCNC8k7AEuAEeWkFZXST3zE.mTwE6KBzV.degNACe,이서연,2026-04-27 16:35:55
16,lim.su@naver.com,010-6677-8899,$2b$10$o0l2UOn7P7WF561i4AtuvOSoJ6GTxAdUffzjgd9Ft8gRtKXVMmvWm,임수호,2026-04-27 16:41:56
17,mike.brown@example.com,010-1111-2222,$2b$10$mPKdwi/Z1afLeL.6PcTRGOjvzpyv03MrhluLHU/8jF73w1wBlPOQK,Mike Brown,2026-04-27 16:35:55
18,n@n.com,1,$2b$10$DAY81JKyT7YN7Tf/vm1TvOuiTItW.5BcrRBF/Qrvg1N221K4acKa.,엔,2026-05-11 15:50:53
19,park.jisung@naver.com,010-7788-9900,$2b$10$mOJIb4WT4qPkj7KpAQrdF.XbjOSUAI3ADgzF1ZaaMQsdk9k0xQrQi,박지성,2026-04-27 16:35:55
20,salt@foo.bar,010-0000-0001,$2b$10$yUDpq3b.xIUjX/mhp6Nay.cnUnSTcNZFlyBIfzp5CqMDlF6vhv9p2,솔트1,2026-04-29 11:33:55
21,salt1@foo.bar,0000-9999-7777,$2b$10$QjHk6lSXVfNBVotBlxZ05ehYCXp7KS3yJvyeiXCT4sVL0ucCUtQ1.,솔티,2026-04-29 11:34:33
22,salt2@foo.bar,010-0000-0001,$2b$10$M8WWX9UDEx83eCGPw5qAzOacisydChzktBArLswP1LPrdRjErlpga,솔트1,2026-04-29 11:34:36
23,salt3@foo.bar,010-0000-0001,$2b$10$uVbUn6WZlrXTFDi0YZMUz.9fv2MrJzvWyyds18KubxuGvTnqpd3Le,솔트1,2026-04-29 11:34:41
24,salt4@foo.bar,010-0000-0001,$2b$10$b2lfbGutzYYb.SL60BAd9.aLt6bWoU4QdSVl/Ih4NDnGyUE0Hog8.,솔트1,2026-04-29 11:34:44
25,sarah.j@company.com,010-9900-1122,$2b$10$rPY02UpMsVSXlibxaCX7buRc0cI8QCXeaXj42hpYcNTOiAXexLz/G,Sarah Jenkins,2026-04-27 16:41:56
26,t1@t1.com,010-1234-5678,$2b$10$kpa.38CbYA5L.sdV8lw6VeT6DeC0L8PpdD7PTedjxJypdKt5TqmIu,가나다,2026-04-29 11:23:01
27,test@foo.com,,,,2026-05-11 11:31:47
28,tester@foo.bar,101,$2b$10$2LBwsUdJ9uI1itl4g5SKHu/hqsOg.TTeEB1qRAW5.JzyFKkkwDdKi,tester,2026-05-12 09:45:01
29,wat@a.com,,,가나다,2026-04-27 15:19:52
30,zeta@edgeofnowhere.com,010-4242-3333,$2b$10$iPKAxVdHMLknA/mIVmKnVecplVUeg5WD7r7GHkZ.SGmC5plrpcpTG,제타,2026-04-29 11:23:51
31,아무개@경성대디지탈.닷컴,010-0000-7777,$2b$10$5dQiYOzgiH0ut41X6wjMeOuy7NCWcP3296MRZaVaC2mBuKdDcQJYu,미키마우스,2026-05-08 09:51:10
